{
  "project_info": {
    "project_number": "262696659165",
    "firebase_url": "https://hivegrocery.firebaseio.com",
    "project_id": "hivegrocery",
    "storage_bucket": "hivegrocery.appspot.com"
  },
  "client": [
    {
      "client_info": {
        "mobilesdk_app_id": "1:262696659165:android:218436b8318214c8e01334",
        "android_client_info": {
          "package_name": "com.jaimandal.home_sell"
        }
      },
      "oauth_client": [
        {
          "client_id": "262696659165-rnt5m5s2p069ith2b4arsap1iebk396t.apps.googleusercontent.com",
          "client_type": 3
        }
      ],
      "api_key": [
        {
          "current_key": "AIzaSyCbSQp0qa4PnaQadGfZqAm5CWMiF8lHomk"
        }
      ],
      "services": {
        "appinvite_service": {
          "other_platform_oauth_client": [
            {
              "client_id": "262696659165-rnt5m5s2p069ith2b4arsap1iebk396t.apps.googleusercontent.com",
              "client_type": 3
            }
          ]
        }
      }
    }
  ],
  "configuration_version": "1"
}